language,Auth-Left,Auth-Right,Centrist,Lib-Left,Lib-Right
English,7.62,14.95,32.06,29.9,15.46
Arabic,9.97,14.03,31.17,29.87,14.95
Farsi,8.19,14.7,32.16,30.35,14.6
French,7.68,14.89,30.38,31.08,15.97
Hindi,6.19,13.14,32.19,32.92,15.56
Latin American Spanish,9.71,15.05,30.48,29.27,15.49
Russian,8.19,15.02,29.84,31.87,15.08
Simplified Mandarin,8.0,15.17,29.97,31.37,15.49
Spain Spanish,9.59,15.3,30.76,29.08,15.27
